name,address,contacts,coords,category,lat,lon,schedule,query,city,rating,category_type,description
"Кудыкина гора, загородный отель","Самотлорская дорога 11 километр, 1",,,,,,,Отель,Алматы,6,Стандарт,"**""Кудыкина гора"": ваш оазис спокойствия и приключений в самом сердце Казахстана!**

Устали от городской суеты? Мечтаете о глотке свежего воздуха и незабываемых впечатлениях? Добро пожаловать на ""Кудыкину гору"" – загородный отель, где царит гармония природы и комфорта, созданная специально для вас!

Расположенный по адресу: Самотлорская дорога, 11 километр, 1, наш отель предлагает идеальное место для отдыха, будь то семейное путешествие, романтический уикенд или активные выходные с друзьями. Мы гордимся нашим стандартом качества, который гарантирует вам уютное проживание и безупречный сервис.

Представьте: утром вас будит пение птиц, а впереди – целый день, наполненный удивительными открытиями. На ""Кудыкиной горе"" каждый найдет занятие по душе. Исследуйте живописные окрестности, окунитесь в мир местной культуры, насладитесь вкуснейшими блюдами национальной кухни или просто расслабьтесь, любуясь бесконечными просторами.

Мы создали атмосферу, где каждый гость чувствует себя особенным. Дружелюбный персонал всегда готов помочь, а наша команда позаботилась о том, чтобы ваш отдых был максимально комфортным и запоминающимся.

""Кудыкина гора"" – это не просто отель, это приглашение в сказку, где реальность превосходит ожидания. Забронируйте свое приключение уже сегодня на mytravel.kz и подарите себе незабываемые моменты!"
"Архитектор, апарт-отель",,,,,,,,Отель,Алматы,5,Стандарт,"**""Архитектор"", апарт-отель: Ваш стильный уголок в самом сердце Казахстана!**

Ищете идеальное место для комфортного и запоминающегося отдыха? Откройте для себя ""Архитектор"" – современный апарт-отель, где каждая деталь продумана для вашего удобства. Мы предлагаем уютные и стильные номера категории ""Стандарт"", которые станут вашим личным оазисом после насыщенного дня.

Расположенный в живописном уголке Казахстана, ""Архитектор"" – это не просто жилье, а вдохновляющее пространство, где современные дизайнерские решения гармонично сочетаются с теплой атмосферой гостеприимства. Забудьте о стандартных отелях – здесь вас ждут просторные апартаменты, оснащенные всем необходимым для полноценного проживания.

Представьте: вы просыпаетесь в светлой, уютной комнате, настраиваетесь на новый день за чашкой ароматного кофе, а затем отправляетесь исследовать красоты и достопримечательности Казахстана. ""Архитектор"" – это ваш идеальный компаньон в этом путешествии, предлагающий домашний уют и европейский сервис.

Мы позаботились о том, чтобы ваше пребывание было максимально комфортным и беззаботным. Отличный сервис, внимательный персонал и безупречная чистота – вот что отличает ""Архитектор"" от других. Приезжайте и убедитесь сами: ваш незабываемый отдых начинается здесь!"
"Komfi, апарт-отель",,,,,,,,Отель,Алматы,5,Стандарт,"**Komfi, апарт-отель: Ваш стильный уголок в самом сердце Казахстана!**

Мечтаете о комфортном и уютном отдыхе, где каждая деталь продумана для вашего удобства? Тогда Komfi, апарт-отель, — это именно то, что вы искали! Мы предлагаем стандартные номера, которые станут вашим идеальным домом вдали от дома, где царит атмосфера гостеприимства и заботы.

Представьте: после насыщенного дня, полного открытий и впечатлений, вы возвращаетесь в свой просторный и светлый апартамент. Здесь вас ждет всё необходимое для полного расслабления: удобная мебель, современная техника и, конечно же, неповторимый домашний уют. Просыпайтесь утром под пение птиц, насладитесь ароматным кофе на балконе, любуясь рассветом, и начните свой день полными сил.

Komfi – это не просто место для ночлега, это ваш личный оазис спокойствия и комфорта. Мы уверены, что ваше пребывание у нас оставит самые тёплые воспоминания, а доступные цены приятно удивят! Откройте для себя Казахстан по-новому, остановившись в Komfi. Мы с нетерпением ждем вас!"
"Grace, мотель-сауна","улица Кузоваткина, 39 ст15",,,,,,,Отель,Алматы,5,Стандарт,"**Grace: Ваш Оазис Релаксации и Комфорта в Казахстане!**

Ищете идеальное место для отдыха, где можно забыть о суете и окунуться в атмосферу полного умиротворения? Добро пожаловать в мотель-сауну Grace! Расположенный по адресу: улица Кузоваткина, 39 ст15, наш уютный уголок станет вашим персональным оазисом в самом сердце Казахстана.

Grace – это не просто мотель, это продуманное пространство, где каждая деталь создана для вашего максимального комфорта. Мы предлагаем номера категории «Стандарт», которые сочетают в себе элегантный дизайн, функциональность и домашнюю атмосферу. После долгой дороги или насыщенного дня нет ничего лучше, чем расслабиться в нашей превосходной сауне. Ощутите, как тепло проникает в каждую клеточку тела, снимая усталость и наполняя энергией.

Мы гордимся тем, что можем предложить нашим гостям именно такое сочетание – качественное проживание и возможность полного восстановления сил. Grace – это место, куда хочется возвращаться снова и снова. Мы ждём вас, чтобы подарить незабываемые моменты спокойствия и наслаждения!"
"Park side inn, СПА-отель, пространство для мероприятий","Индустриальная улица, 46",,,,,,,Отель,Алматы,5,Стандарт,"**Park Side Inn: Ваш Оазис Комфорта и Вдохновения в Казахстане!**

Добро пожаловать в Park Side Inn – идеальное место для тех, кто ценит утонченный отдых, стремится к гармонии и ищет вдохновение. Расположенный по адресу Индустриальная улица, 46, наш СПА-отель категории ""Стандарт"" предлагает идеальное сочетание спокойствия и доступности, прямо у живописного парка.

Представьте: вы просыпаетесь под пение птиц, наслаждаетесь чашечкой ароматного кофе на балконе с видом на зелень, а затем погружаетесь в мир релаксации в нашем современном СПА-комплексе. От расслабляющего массажа до освежающих процедур – здесь есть всё, чтобы позаботиться о вашем самочувствии.

Park Side Inn – это не только СПА, но и идеальное пространство для ваших мероприятий. У нас есть всё необходимое, чтобы сделать ваш праздник, конференцию или корпоратив по-настоящему особенным: уютные залы, профессиональное оборудование и команда, готовая воплотить в жизнь ваши идеи.

Приезжайте к нам, чтобы отдохнуть душой и телом, зарядиться энергией и создать незабываемые воспоминания. Park Side Inn ждет вас, чтобы подарить лучшее в своем классе."
